STATE,ST_CASE,VE_TOTAL,VE_FORMS,PVH_INVL,PEDS,PERNOTMVIT,PERMVIT,PERSONS,COUNTY,CITY,DAY,MONTH,YEAR,DAY_WEEK,HOUR,MINUTE,NHS,RUR_URB,FUNC_SYS,RD_OWNER,ROUTE,TWAY_ID,TWAY_ID2,MILEPT,LATITUDE,LONGITUD,SP_JUR,HARM_EV,MAN_COLL,RELJCT1,RELJCT2,TYP_INT,WRK_ZONE,REL_ROAD,LGT_COND,WEATHER1,WEATHER2,WEATHER,SCH_BUS,RAIL,NOT_HOUR,NOT_MIN,ARR_HOUR,ARR_MIN,HOSP_HR,HOSP_MN,CF1,CF2,CF3,FATALS,DRUNK_DR
18,180303,1,1,0,0,0,1,1,105,380,7,6,2016,3,2,36,0,1,6,4,5,S HARMONY RD,,99998,39.09335833,-86.638483330000,0,53,0,0,1,1,0,4,2,1,0,1,0,0000000,99,99,99,99,99,99,0,0,0,1,1
18,180304,2,2,0,0,0,2,2,3,1580,4,6,2016,7,15,40,0,2,5,4,6,JEFFERSON BLVD,LIBERTY MILLS RD,99998,41.03014722,-85.259622220000,0,12,6,0,2,2,0,1,1,2,0,2,0,0000000,99,99,99,99,99,99,0,0,0,2,0
18,180305,1,1,0,0,0,2,2,183,980,9,6,2016,5,16,45,0,1,6,2,4,CR-OLD TRAIL RD,,99998,41.16126389,-85.400805560000,0,30,0,0,1,1,0,4,1,1,0,1,0,0000000,99,98,99,98,99,98,0,0,0,1,0
18,180307,2,2,0,0,0,5,5,163,1480,5,6,2016,1,18,34,0,2,5,4,6,LINCOLN AVE,PLAZA DR,0,37.96936389,-87.467677780000,0,12,6,0,2,2,0,1,1,1,0,1,0,0000000,99,99,99,99,99,99,0,0,0,1,0
18,180308,1,1,0,0,0,2,2,109,2890,10,6,2016,6,18,20,0,1,6,2,4,CR- OLD MORGANTOWN RD,,0,39.41948056,-86.287963890000,0,52,0,0,1,1,0,4,1,1,0,1,0,0000000,99,99,99,99,99,99,0,0,0,1,1
18,180309,1,1,0,0,0,1,1,23,1640,12,6,2016,1,4,8,1,1,3,1,3,SR- 26,,0,40.41746389,-86.673116670000,0,1,0,0,1,1,0,4,2,1,0,1,0,0000000,99,99,99,99,88,88,0,0,0,1,0
18,180310,1,1,0,0,0,1,1,75,4040,9,6,2016,5,3,28,0,1,7,2,4,CR- 200,,0,40.46698889,-85.063530560000,0,1,0,0,1,1,0,4,2,1,0,1,0,0000000,99,99,99,99,88,88,0,0,0,1,0
18,180311,2,2,0,0,0,2,2,97,2210,10,6,2016,6,17,39,1,2,3,4,6,38TH ST,,0,39.82548333,-86.092166670000,0,1,0,0,1,1,0,1,1,1,0,1,0,0000000,99,99,99,99,88,88,0,0,0,1,0
18,180312,1,1,0,0,0,2,2,151,160,14,6,2016,3,17,13,1,1,1,1,1,I-69 S,,3521,41.67661944,-85.005505560000,0,1,0,0,1,1,0,3,1,1,0,1,0,0000000,99,98,99,98,99,98,0,0,0,2,0
18,180313,2,2,0,0,0,3,3,127,4030,4,6,2016,7,15,48,1,2,3,1,2,US-20,RAMP 030 C,99998,41.63661389,-87.055369440000,0,12,2,0,5,1,0,1,1,10,0,10,0,0000000,99,99,99,99,99,99,0,0,0,2,0
18,180314,1,1,0,0,0,1,1,85,2640,30,5,2016,2,4,0,0,1,5,2,4,CR- ARMSTRONG RD,,0,41.32277222,-85.798366670000,0,42,0,0,1,1,0,4,2,1,0,1,0,0000000,99,99,99,99,88,88,0,0,0,1,0
18,180315,1,1,0,0,0,1,1,127,820,1,6,2016,4,23,50,1,2,1,1,2,US-20,I-94  RAMP 22 D,99998,41.60806944,-87.106277780000,0,34,0,1,5,1,0,8,3,1,0,1,0,0000000,99,99,99,99,99,99,20,0,0,1,0
18,180316,1,1,0,0,0,1,1,109,3240,5,6,2016,1,21,14,0,2,7,2,4,CR-EARLS LANE,,99998,39.61024722,-86.289741670000,0,34,0,0,1,1,0,4,5,1,0,1,0,0000000,99,99,99,99,99,99,0,0,0,1,1
18,180317,1,1,0,1,1,1,1,31,1910,7,6,2016,3,1,19,1,1,1,1,1,I-74 E,,1400,39.31599722,-85.347125000000,0,8,0,0,1,1,0,1,2,1,0,1,0,0000000,99,99,99,99,99,99,0,0,0,1,0
18,180318,1,1,0,0,0,4,4,181,790,31,5,2016,3,1,7,0,1,7,2,4,CR- 700,,0,40.64841389,-86.959166670000,0,1,0,0,1,1,0,4,2,1,0,1,0,0000000,99,99,99,99,99,99,0,0,0,1,0
18,180319,2,2,0,0,0,6,6,43,1788,15,6,2016,4,14,56,0,1,5,1,3,SR- 62,NANCE LANE,0,38.26960278,-85.930511110000,0,12,2,0,1,1,0,1,1,2,0,2,0,0000000,99,99,99,99,99,99,0,0,0,1,0
18,180320,1,1,0,0,0,2,2,45,2360,15,6,2016,4,12,4,0,1,5,1,3,SR- 32,,0,40.04357500,-87.239772220000,0,34,0,0,1,1,0,4,1,1,0,1,0,0000000,99,99,99,99,99,99,0,0,0,1,0
18,180321,2,2,0,0,0,3,3,163,1480,3,6,2016,6,14,43,1,2,3,1,3,SR- 62,POSEY COUNTY LINE RD,0,37.95135278,-87.699272220000,0,12,6,0,2,2,0,1,1,1,0,1,0,0000000,99,99,99,99,99,99,0,0,0,1,0
18,180322,2,2,0,0,0,2,2,163,1480,17,6,2016,6,1,20,1,1,3,1,2,US- 41,VOLKMAN RD,0,38.14484167,-87.551022220000,0,12,6,0,2,2,0,1,2,1,0,1,0,0000000,99,99,99,99,88,88,0,0,0,1,1
18,180323,1,1,0,0,0,1,1,107,1060,19,6,2016,1,7,16,0,1,3,1,2,US- 231,,0,40.05300833,-86.904383330000,0,30,0,0,1,1,0,4,1,1,0,1,0,0000000,99,99,99,99,88,88,0,0,0,1,0
18,180324,4,4,0,0,0,12,12,61,1030,17,6,2016,6,15,10,0,1,4,1,3,SR-135 S,,99998,38.20500278,-86.146108330000,0,12,1,0,8,1,0,1,1,1,0,1,0,0000000,99,99,99,99,99,99,0,0,0,2,0
18,180325,1,1,0,0,0,1,1,23,3000,19,6,2016,1,6,0,0,1,6,2,4,CR-300 N,,99998,40.33036667,-86.314830560000,0,1,0,0,1,1,0,4,4,1,0,1,0,0000000,99,98,99,98,99,98,0,0,0,1,1
18,180326,2,2,0,0,0,6,6,89,2010,18,6,2016,7,19,14,1,2,3,1,2,US-41,CASINO CENTER DR,99998,41.69476667,-87.515650000000,0,12,6,0,2,2,0,1,1,1,0,1,0,0000000,99,99,99,99,99,99,0,0,0,1,0
18,180327,2,2,0,0,0,2,2,39,3010,21,6,2016,3,11,0,0,1,5,1,3,SR-120,,99998,41.72545833,-85.719013890000,0,12,2,0,1,1,0,1,1,1,0,1,0,0000000,99,98,99,98,99,98,0,0,0,1,0
18,180328,1,1,0,0,0,1,1,77,2830,11,6,2016,7,18,29,1,1,3,1,2,US- 421,,0,38.77467500,-85.363083330000,0,33,0,0,1,1,0,3,1,1,0,1,0,0000000,99,99,99,99,88,88,0,0,0,1,0
18,180329,2,2,0,0,0,3,3,23,3000,20,6,2016,2,17,17,0,1,4,1,3,SR- 29,COUNTY RD 200,0,40.31573611,-86.392830560000,0,12,2,0,2,2,0,1,1,1,0,1,0,0000000,99,99,99,99,99,99,0,0,0,1,0
18,180331,2,2,0,0,0,2,2,17,2730,14,6,2016,3,7,29,0,1,4,2,4,CR- LOGANSPORT RD,,0,40.75628333,-86.297827780000,0,12,2,0,1,1,0,1,1,2,0,2,0,0000000,99,99,99,99,99,99,0,0,0,1,0
18,180332,2,2,0,0,0,6,6,137,5010,3,6,2016,6,17,52,1,1,3,1,2,US- 50,,0,39.06981944,-85.254486110000,0,12,2,0,1,1,0,1,1,10,0,10,0,0000000,99,99,99,99,99,99,0,0,0,1,0
18,180333,2,2,0,0,0,3,3,3,1580,22,6,2016,4,17,2,1,2,3,1,6,JEFFESON BLVD,GLENDALE DR,0,41.06225556,-85.209041670000,0,12,6,0,2,3,0,1,1,1,0,1,0,0000000,99,99,99,99,99,99,0,0,0,1,1
18,180334,2,2,0,0,0,2,2,91,2570,6,6,2016,2,15,15,1,1,1,1,1,I-80,,424,41.65570556,-86.761766670000,0,12,1,0,1,1,0,1,1,1,0,1,0,0000000,99,99,99,99,99,99,0,0,0,1,0
18,180335,1,1,0,0,0,2,2,79,3670,20,6,2016,2,16,45,0,1,7,2,4,CR-275 W,,99998,39.07671944,-85.663177780000,0,35,0,0,1,1,0,4,1,1,0,1,0,0000000,99,99,99,99,99,99,0,0,0,1,1
18,180336,2,1,1,0,0,1,1,127,4025,24,6,2016,6,22,19,0,2,4,4,6,CENTRAL AVE,,99998,41.57484444,-87.219891670000,0,30,0,0,1,1,0,4,3,1,0,1,0,0000000,99,99,99,99,99,99,0,0,0,1,0
18,180337,1,1,0,0,0,1,1,3,1580,15,6,2016,4,15,2,0,2,5,4,6,MCKINNIE AVE,,0,41.04625278,-85.113647220000,0,42,0,0,8,1,0,4,1,1,0,1,0,0000000,99,99,99,99,99,99,0,0,0,1,0
18,180339,1,1,0,0,0,1,1,109,3240,25,6,2016,7,10,59,1,1,3,1,3,SR- 144,,0,39.56779167,-86.267030560000,0,35,0,0,1,1,0,4,1,1,0,1,0,0000000,99,99,99,99,88,88,0,0,0,1,0
18,180340,1,1,0,0,0,2,2,33,620,26,6,2016,1,13,20,0,1,7,2,4,CR- 71,,0,41.48785556,-84.853100000000,0,32,0,0,1,1,0,4,9,1,0,1,0,0000000,99,99,99,99,88,88,0,0,0,2,0
18,180341,1,1,0,0,0,2,2,93,3110,26,6,2016,1,20,45,0,1,7,2,5,SPICE VALLEY RD,,0,38.73848056,-86.498763890000,0,42,0,0,1,1,0,4,1,1,0,1,0,0000000,99,99,99,99,99,99,0,0,0,1,0
18,180342,2,2,0,0,0,2,2,129,4050,22,6,2016,4,21,25,0,1,5,1,3,SR- 66,,0,38.11898056,-87.803816670000,0,12,2,0,1,1,0,1,2,1,0,1,0,0000000,99,99,99,99,99,99,0,0,0,1,0
18,180343,2,1,1,2,2,1,1,57,3590,23,6,2016,5,9,36,0,2,3,1,3,SR- 37,,0,40.00624444,-86.004291670000,0,14,0,0,1,1,0,4,1,10,0,10,0,0000000,99,99,99,99,99,99,0,0,0,1,0
18,180344,4,3,1,0,0,5,5,113,2320,24,6,2016,6,22,24,0,1,5,1,3,SR- 3,,0,41.50743333,-85.276530560000,0,12,2,0,1,1,0,1,2,1,0,1,0,0000000,99,99,99,99,99,99,0,0,0,1,1
18,180345,2,2,0,0,0,3,3,127,4960,27,6,2016,2,11,3,1,2,3,1,2,US- 30,COMEFORD RD,0,41.44991944,-87.020247220000,0,12,6,0,2,3,0,1,1,1,0,1,0,0000000,99,99,99,99,99,99,0,0,0,2,0
18,180346,1,1,0,0,0,2,2,97,2210,12,6,2016,1,1,20,1,2,1,1,1,I-70 W,RAMP 68 - C,680,39.70471389,-86.288783330000,0,32,0,1,5,1,0,8,3,1,0,1,0,0000000,99,99,99,99,99,99,0,0,0,1,0
18,180347,1,1,0,0,0,1,1,65,2400,24,6,2016,6,21,54,1,1,1,1,1,I-70,,1165,39.84453611,-85.531386110000,0,57,0,0,1,1,0,3,2,1,0,1,0,0000000,99,98,99,98,99,98,0,0,0,1,0
18,180349,2,2,0,0,0,4,4,135,3881,27,6,2016,2,17,45,1,1,3,1,3,SR-32,,99998,40.19307222,-85.170225000000,0,12,2,0,1,1,0,1,1,1,0,1,0,0000000,99,99,99,99,99,99,0,0,0,1,0
18,180350,1,1,0,1,1,1,1,85,2950,5,6,2016,1,22,3,0,1,5,1,3,SR- 19,,0,41.14578056,-86.038600000000,0,9,0,0,1,1,0,1,2,1,0,1,0,0000000,99,99,99,99,99,99,0,0,0,1,0
18,180353,1,1,0,0,0,1,1,91,2570,27,6,2016,2,0,0,0,1,7,2,4,CR-200 E,,99998,41.59036389,-86.665361110000,0,42,0,0,1,1,0,4,2,1,0,1,0,0000000,99,98,99,98,99,98,0,0,0,1,1
18,180354,2,2,0,0,0,2,2,85,215,17,6,2016,6,19,32,1,1,2,1,2,US- 30,,0,41.26640278,-85.996819440000,0,12,1,0,1,1,0,4,1,1,0,1,0,0000000,99,99,99,99,99,99,0,0,0,1,0
18,180355,2,2,0,0,0,5,5,81,1950,21,6,2016,3,17,50,1,2,3,1,3,SR- 135,MAIN ST,0,39.61316944,-86.158444440000,0,12,2,0,2,2,0,1,1,1,0,1,0,0000000,99,99,99,99,99,99,0,0,0,1,0
18,180356,2,2,0,0,0,2,2,147,1860,22,6,2016,4,16,42,0,1,7,2,4,CR- HIGHLAND ROAD,CR- 550,0,37.96517222,-86.990447220000,0,12,2,0,2,3,0,1,1,1,0,1,0,0000000,99,99,99,99,99,99,0,0,0,1,0
18,180357,1,1,0,0,0,1,1,27,670,13,5,2016,6,19,30,0,1,7,2,5,CR- 1000,,0,38.64129722,-86.980280560000,0,11,0,0,1,1,0,1,3,1,0,1,0,0000000,99,99,99,99,88,88,0,0,0,1,1
18,180358,1,1,0,3,3,1,1,135,4920,24,6,2016,6,22,49,0,1,7,4,5,WEST HICKORY ST,,0,40.20081389,-84.812158330000,0,8,0,0,1,1,0,6,2,1,0,1,0,0000000,99,99,99,99,99,99,0,0,0,1,0
18,180359,1,1,0,0,0,6,6,125,5390,30,6,2016,5,17,51,0,1,7,2,4,CR- 400,,0,38.36271667,-87.229055560000,0,34,0,0,1,1,0,4,1,1,0,1,0,0000000,99,99,99,99,99,99,0,0,0,1,0
18,180360,1,1,0,0,0,1,1,83,5030,1,7,2016,6,1,26,0,1,7,4,5,MAYS RD,,0,38.53136389,-87.524502780000,0,10,0,0,6,1,0,1,2,1,0,1,0,342429K,99,99,99,99,99,99,0,0,0,1,1
18,180361,2,2,0,0,0,2,2,113,60,21,6,2016,3,15,15,1,1,3,1,2,US- 33,,0,41.33327222,-85.492402780000,0,12,6,0,8,1,0,1,1,1,0,1,0,0000000,99,99,99,99,99,99,0,0,0,1,0
18,180362,2,1,1,0,0,1,1,11,2240,4,7,2016,2,16,25,1,1,1,1,1,I-74 E,,520,39.93910556,-86.611391670000,0,14,0,0,1,1,0,5,1,10,0,10,0,0000000,99,98,99,98,99,98,0,0,0,1,0
18,180363,1,1,0,0,0,1,1,81,1650,2,7,2016,7,2,22,0,1,7,2,4,CR-400 W,,99998,39.47715000,-86.177130560000,0,1,0,0,1,1,0,4,2,1,0,1,0,0000000,99,99,99,99,99,99,0,0,0,1,1
18,180364,1,1,0,0,0,1,1,97,2210,25,6,2016,7,4,42,0,2,5,4,6,79TH ST,RIVER RD,99998,39.89778056,-86.113066670000,0,33,0,0,3,3,0,4,3,1,0,1,0,0000000,99,98,99,98,99,98,0,0,0,1,0
18,180365,1,1,0,0,0,1,1,61,1050,2,7,2016,7,17,20,0,1,5,1,3,SR-64 E,,99998,38.30448056,-86.043450000000,0,42,0,0,1,1,0,4,1,1,0,1,0,0000000,99,98,99,98,99,98,0,0,0,1,1
18,180366,1,1,0,0,0,1,1,65,630,3,7,2016,1,5,59,0,1,6,2,4,CR-500 W,,99998,39.97856944,-85.481075000000,0,1,0,0,1,1,0,4,4,10,0,10,0,0000000,99,98,99,98,99,98,0,0,0,1,1
18,180367,2,2,0,0,0,2,2,47,550,8,6,2016,4,17,8,0,1,4,1,2,US- 52,,0,39.43050278,-85.042361110000,0,12,2,0,1,1,0,1,1,1,0,1,0,0000000,99,99,99,99,99,99,0,0,0,1,0
18,180368,1,1,0,0,0,1,1,137,3378,24,6,2016,6,21,30,0,1,5,1,3,SR- 229,,0,39.19860556,-85.300369440000,0,42,0,0,1,1,0,4,1,1,0,1,0,0000000,99,99,99,99,88,88,0,0,0,1,0
18,180369,1,1,0,0,0,1,1,29,1880,4,7,2016,2,18,12,1,1,3,1,2,US-50 E,,99998,39.11769722,-84.851380560000,0,35,0,0,1,1,0,4,1,10,0,10,0,0000000,99,99,99,99,99,99,0,0,0,1,0
18,180370,1,1,0,0,0,2,2,89,9997,7,7,2016,5,5,57,0,2,4,4,6,109TH AVE,,0,41.42021944,-87.228033330000,0,42,0,0,1,1,0,4,4,7,0,7,0,0000000,99,99,99,99,99,99,0,0,0,1,1
18,180371,2,2,0,0,0,2,2,181,3130,7,7,2016,5,15,24,0,1,3,1,2,US-421 N,,99998,40.70642778,-86.740516670000,0,12,6,0,1,1,0,1,1,1,0,1,0,0000000,99,98,99,98,99,98,0,0,0,1,0
18,180372,2,2,0,0,0,2,2,141,3630,17,6,2016,6,14,40,0,1,5,1,3,SR- 4,,0,41.53546389,-86.276016670000,0,12,2,0,1,1,0,1,1,1,0,1,0,0000000,99,99,99,99,99,99,0,0,0,1,0
18,180373,2,2,0,0,0,5,5,85,890,17,6,2016,6,8,52,0,1,5,2,4,CR-COUNTY FARM RD,CR-600 S,99998,41.14513056,-85.836461110000,0,12,6,0,2,2,0,1,1,1,0,1,0,0000000,99,99,99,99,99,99,0,0,0,1,0
18,180374,1,1,0,0,0,2,2,17,5080,8,7,2016,6,17,45,0,1,4,1,2,US-35,CR-900 S,99998,40.64079167,-86.228063890000,0,35,0,0,1,1,0,4,1,1,0,1,0,0000000,99,99,99,99,99,99,0,0,0,1,0
18,180375,2,2,0,0,0,2,2,39,1830,10,7,2016,1,21,41,0,1,5,1,3,SR- 15,,0,41.66895833,-85.821422220000,0,12,6,0,8,1,0,1,5,1,0,1,0,0000000,99,99,99,99,88,88,0,0,0,1,0
18,180376,2,2,0,0,0,2,2,97,4620,3,7,2016,1,12,56,1,2,3,4,6,CRAWFORDSVILLE RD,,0,39.79706389,-86.262327780000,0,33,0,0,1,1,0,4,1,2,0,2,0,0000000,99,99,99,99,99,99,0,0,0,1,0
18,180377,1,1,0,0,0,1,1,63,3990,9,7,2016,7,15,45,0,2,5,4,6,PERRY RD,,0,39.67921667,-86.355627780000,0,33,0,0,1,1,0,4,1,1,0,1,0,0000000,99,99,99,99,88,88,0,0,0,1,0
18,180378,1,1,0,0,0,1,1,109,3240,10,7,2016,1,8,0,0,1,5,1,3,SR- 42,,0,39.59473333,-86.395897220000,0,42,0,0,1,1,0,4,9,1,0,1,0,0000000,99,99,99,99,88,88,18,0,0,1,0
18,180379,5,5,0,0,0,5,5,145,3280,5,7,2016,3,17,10,0,1,4,1,2,US- 52,CR- 200,0,39.68533056,-85.744658330000,0,12,1,0,1,1,0,1,1,1,0,1,0,0000000,99,99,99,99,99,99,14,0,0,1,0
18,180380,2,2,0,0,0,2,2,127,820,9,7,2016,7,14,32,0,2,5,2,4,CR- 1100,GREENMEADOW LANE,0,41.59357778,-87.060205560000,0,12,6,0,2,3,0,1,1,1,0,1,0,0000000,99,99,99,99,99,99,0,0,0,1,0
18,180381,1,1,0,0,0,2,2,109,3870,12,7,2016,3,2,57,0,1,4,1,3,SR- 67,,0,39.40928333,-86.505155560000,0,32,0,0,1,1,0,4,2,1,0,1,0,0000000,99,99,99,99,99,99,0,0,0,1,1
18,180382,1,1,0,0,0,2,2,95,140,10,7,2016,1,2,0,1,2,3,2,4,CR- 67,,0,40.08051389,-85.633186110000,0,1,0,0,1,1,0,4,2,1,0,1,0,0000000,99,99,99,99,99,99,0,0,0,1,1
18,180383,2,2,0,0,0,2,2,159,4860,7,7,2016,5,0,35,1,1,3,1,2,US-31,SR-28,99998,40.27532222,-86.127183330000,0,12,6,0,2,2,1,1,2,1,0,1,0,0000000,99,98,99,98,99,98,0,0,0,1,1
18,180384,1,1,0,0,0,1,1,103,120,2,7,2016,7,16,18,0,1,4,1,3,SR- 18,,0,40.57969722,-85.927711110000,0,24,0,0,1,1,0,4,1,1,0,1,0,0000000,99,99,99,99,88,88,0,0,0,1,1
18,180385,1,1,0,0,0,1,1,121,2880,14,7,2016,5,14,0,0,1,4,1,2,US- 41,,0,39.89499167,-87.235166670000,0,24,0,0,1,1,0,4,1,10,0,10,0,0000000,99,99,99,99,99,99,0,0,0,1,0
18,180386,1,1,0,0,0,1,1,29,1880,17,7,2016,1,18,30,0,1,4,1,3,SR- 1,BELLVIEW DR,0,39.12472778,-84.852888890000,0,23,0,0,3,3,0,4,1,1,0,1,0,0000000,99,99,99,99,99,99,0,0,0,1,0
18,180387,1,1,0,0,0,2,2,167,4840,16,7,2016,7,3,10,0,1,4,1,2,US- 41,LAMBERT AVE,0,39.60797778,-87.370800000000,0,30,0,0,1,1,0,4,2,1,0,1,0,0000000,99,99,99,99,99,99,0,0,0,1,1
18,180388,2,2,0,0,0,4,4,77,2830,17,7,2016,1,19,14,0,1,4,1,3,SR- 7,,0,38.80424167,-85.448261110000,0,12,2,0,1,1,0,1,1,1,0,1,0,0000000,99,99,99,99,99,99,0,0,0,1,0
18,180389,2,2,0,0,0,2,2,157,2480,11,7,2016,2,20,55,0,2,5,4,6,FERRY ST,30TH ST,99998,40.41907500,-86.862919440000,0,12,6,0,2,2,0,1,5,1,0,1,0,0000000,99,99,99,99,99,99,0,0,0,1,1
18,180390,1,1,0,1,1,1,1,59,1890,18,7,2016,2,16,0,1,2,3,1,2,US-40,,99998,39.78152778,-85.848297220000,0,9,0,0,1,1,0,1,1,1,0,1,0,0000000,99,99,99,99,99,99,0,0,0,1,0
18,180391,1,1,0,0,0,1,1,89,2010,18,7,2016,2,21,6,1,2,3,4,6,INDIANAPOLIS BLVD,,99998,41.56918611,-87.475413890000,0,33,0,0,1,1,0,4,3,10,0,10,0,0000000,99,98,99,98,99,98,0,0,0,1,0
18,180392,2,2,0,0,0,3,3,3,1580,18,7,2016,2,17,15,0,2,4,4,6,HESSEN CASSEL RD,HOMEDALE DR,99998,41.02561389,-85.096002780000,0,12,9,0,2,3,0,1,1,1,0,1,0,0000000,99,98,99,98,99,98,0,0,0,1,0
18,180393,2,2,0,0,0,2,2,145,4470,14,7,2016,5,18,7,1,1,1,1,1,I-74 E,,1090,39.58720000,-85.827041670000,0,12,1,0,1,1,1,1,1,1,0,1,0,0000000,99,99,99,99,99,99,0,0,0,1,0
18,180394,1,1,0,0,0,2,2,33,4290,9,7,2016,7,2,56,0,1,5,1,3,SR- 1,,0,41.29922778,-84.905852780000,0,52,0,0,1,1,0,4,2,1,0,1,0,0000000,99,99,99,99,88,88,0,0,0,1,0
18,180395,2,2,0,0,0,2,2,157,2480,14,7,2016,5,22,11,1,2,3,4,6,COLUMBIA ST,2ND ST,0,40.41819167,-86.895497220000,0,12,6,0,2,2,0,1,3,1,0,1,0,0000000,99,99,99,99,99,99,0,0,0,1,0
18,180396,1,1,0,1,1,1,1,105,380,21,7,2016,5,4,7,0,2,4,4,6,WALNUT ST,,0,39.20626944,-86.534816670000,0,8,0,0,1,1,0,1,3,1,0,1,0,0000000,99,99,99,99,99,99,0,0,0,1,0
18,180397,1,1,0,1,1,1,1,97,2210,19,7,2016,3,1,18,1,2,3,4,6,HOLT RD,,99998,39.74103056,-86.225263890000,0,8,0,0,1,1,0,1,2,10,0,10,0,0000000,99,99,99,99,99,99,0,0,0,1,0
18,180398,2,2,0,0,0,4,4,81,1650,28,5,2016,7,11,25,0,1,3,1,2,US- 31,OLD US- 31,0,39.43399722,-86.007972220000,0,12,6,0,2,3,0,1,1,1,0,1,0,0000000,99,99,99,99,99,99,0,0,0,1,0
18,180399,2,2,0,0,0,2,2,141,3100,3,7,2016,1,6,21,1,2,3,4,6,MCKINLEY AVE,MAIN ST,0,41.68039167,-86.181388890000,0,12,6,0,2,2,0,1,4,1,0,1,0,0000000,99,99,99,99,99,99,0,0,0,1,0
18,180400,1,1,0,0,0,1,1,79,3670,19,7,2016,3,12,20,0,1,3,1,2,US- 50,,0,39.00658611,-85.608008330000,0,42,0,0,1,1,0,4,1,1,0,1,0,0000000,99,99,99,99,88,88,0,0,0,1,0
18,180401,2,2,0,0,0,8,8,101,2750,4,7,2016,2,14,40,1,1,3,1,2,US-231 N,CR-700 N,99998,38.75361667,-86.913858330000,0,12,6,0,1,1,0,1,1,10,0,10,0,0000000,99,98,99,98,99,98,0,0,0,1,0
18,180402,2,2,0,1,1,2,2,57,1540,16,7,2016,7,5,30,1,2,3,1,3,SR-37 N,131ST ST,99998,39.97884444,-86.003666670000,0,8,0,0,2,2,0,1,2,1,0,1,0,0000000,99,98,99,98,99,98,0,0,0,1,0
18,180403,2,2,0,0,0,2,2,89,2972,18,7,2016,2,17,38,1,2,3,4,6,E 61ST AVE,,99998,41.50734722,-87.323986110000,0,12,2,0,1,1,0,1,1,1,0,1,0,0000000,99,99,99,99,99,99,0,0,0,1,1
18,180404,1,1,0,0,0,1,1,149,3620,2,5,2016,2,22,30,0,1,7,2,4,CR- 50,,0,41.29523333,-86.756972220000,0,34,0,0,1,1,0,4,2,2,0,2,0,0000000,99,99,99,99,88,88,0,0,0,1,1