STATE,ST_CASE,VE_TOTAL,VE_FORMS,PVH_INVL,PEDS,PERNOTMVIT,PERMVIT,PERSONS,COUNTY,CITY,DAY,MONTH,YEAR,DAY_WEEK,HOUR,MINUTE,NHS,RUR_URB,FUNC_SYS,RD_OWNER,ROUTE,TWAY_ID,TWAY_ID2,MILEPT,LATITUDE,LONGITUD,SP_JUR,HARM_EV,MAN_COLL,RELJCT1,RELJCT2,TYP_INT,WRK_ZONE,REL_ROAD,LGT_COND,WEATHER1,WEATHER2,WEATHER,SCH_BUS,RAIL,NOT_HOUR,NOT_MIN,ARR_HOUR,ARR_MIN,HOSP_HR,HOSP_MN,CF1,CF2,CF3,FATALS,DRUNK_DR
18,180405,1,1,0,0,0,1,1,109,2890,3,7,2016,1,0,45,0,1,7,2,5,CR- STOCKWELL RD,,0,39.53343333,-86.617938890000,0,38,0,0,1,1,0,4,2,10,0,10,0,0000000,99,99,99,99,88,88,0,0,0,1,0
18,180406,2,2,0,0,0,2,2,141,4580,9,7,2016,7,20,12,0,2,7,4,6,IRONWOOD DR,,0,41.64800000,-86.215691670000,0,12,2,0,1,1,0,1,5,1,0,1,0,0000000,99,99,99,99,99,99,0,0,0,1,0
18,180407,2,2,0,0,0,2,2,171,5210,23,7,2016,7,12,43,0,1,3,1,3,SR- 63,SR- 28,0,40.27986389,-87.404016670000,0,12,6,0,2,2,0,1,1,1,0,1,0,0000000,99,99,99,99,99,99,0,0,0,1,0
18,180408,1,1,0,0,0,2,2,169,3650,24,7,2016,1,18,47,0,1,4,1,3,SR- 114,,0,41.00113889,-85.739344440000,0,42,0,0,1,1,0,4,1,1,0,1,0,0000000,99,99,99,99,88,88,0,0,0,2,0
18,180409,2,2,0,0,0,2,2,97,2210,25,7,2016,2,10,30,0,2,4,4,6,GEORGTOWN RD,59TH ST,0,39.86053333,-86.241250000000,0,12,6,0,2,2,0,1,1,1,0,1,0,0000000,99,99,99,99,88,88,0,0,0,1,0
18,180410,4,4,0,0,0,7,7,141,3100,15,7,2016,6,13,5,1,1,1,1,1,I-80,,852,41.73135278,-86.078372220000,0,12,1,0,1,1,1,1,1,1,0,1,0,0000000,99,99,99,99,99,99,19,0,0,1,0
18,180411,2,2,0,0,0,5,5,7,1600,25,7,2016,2,13,36,0,1,5,2,4,CR-300 S,MERIDIAN RD,99998,40.56347222,-87.323297220000,0,12,6,0,2,4,0,1,1,1,0,1,0,0000000,99,99,99,99,99,99,0,0,0,1,0
18,180412,1,1,0,1,1,1,1,91,5240,26,7,2016,3,21,15,1,1,3,1,2,US-421,,99998,41.57626944,-86.896769440000,0,9,0,0,1,1,0,1,3,1,0,1,0,0000000,99,98,99,98,99,98,0,0,0,1,0
18,180413,1,1,0,0,0,1,1,89,4380,28,6,2016,3,3,54,1,2,3,1,2,US- 30,,0,41.49071667,-87.463019440000,0,30,0,0,1,1,0,4,3,1,0,1,0,0000000,99,99,99,99,88,88,0,0,0,1,0
18,180414,1,1,0,0,0,2,2,151,160,29,7,2016,6,20,24,0,1,5,2,4,CR- BELLAFOUNTAINE ROAD,,0,41.56497222,-84.989136110000,0,42,0,0,1,1,0,4,1,10,0,10,0,0000000,99,99,99,99,99,99,0,0,0,1,1
18,180415,2,2,0,0,0,2,2,121,4210,27,7,2016,4,14,54,0,1,4,1,3,SR-36 E,,0,39.75806111,-87.058755560000,0,12,1,0,1,1,0,1,1,1,0,1,0,0000000,99,99,99,99,99,99,0,0,0,1,0
18,180416,2,2,0,0,0,2,2,127,4025,1,7,2016,6,21,25,1,2,1,1,1,I-80 W,,240,41.58035000,-87.181294440000,0,12,6,0,1,1,0,1,3,1,0,1,0,0000000,99,99,99,99,99,99,0,0,0,1,0
18,180417,2,2,0,0,0,2,2,137,3378,31,7,2016,1,15,23,1,1,3,1,2,US- 421,,0,39.19066667,-85.323150000000,0,12,2,0,1,1,0,1,1,1,0,1,0,0000000,99,99,99,99,88,88,0,0,0,1,0
18,180418,3,3,0,0,0,3,3,179,4930,6,7,2016,4,14,40,0,1,5,1,2,US- 224,CR- 300,0,40.82845833,-85.280030560000,0,12,6,0,2,2,0,1,1,1,0,1,0,0000000,99,99,99,99,99,99,0,0,0,1,0
18,180420,3,3,0,0,0,5,5,91,2570,30,7,2016,7,12,53,0,1,4,1,3,SR- 2,US- 20,0,41.67281944,-86.589144440000,0,12,6,0,2,2,0,1,1,1,0,1,0,0000000,99,99,99,99,88,88,0,0,0,1,0
18,180421,2,2,0,0,0,3,3,119,4630,3,8,2016,4,17,58,1,1,3,1,3,SR-46 E,,99998,39.28183889,-86.698294440000,0,54,11,0,1,1,0,1,1,1,0,1,0,0000000,99,99,99,99,99,99,14,0,0,1,0
18,180422,1,1,0,0,0,3,3,135,1520,4,8,2016,5,2,22,1,1,3,1,3,SR-32 W,CR-1000 W,99998,40.19308056,-85.164127780000,0,34,0,0,1,1,0,4,2,1,0,1,0,0000000,99,99,99,99,99,99,0,0,0,1,0
18,180423,2,2,0,0,0,3,3,163,1480,26,7,2016,3,7,20,1,2,3,1,3,SR- 62,MCDOWELL RD,0,37.96479722,-87.687113890000,0,12,6,0,2,2,0,1,1,5,0,5,0,0000000,99,99,99,99,99,99,0,0,0,1,0
18,180424,1,1,0,0,0,1,1,95,2870,30,7,2016,7,13,6,0,1,5,1,2,US- 36,,0,40.00447778,-85.596822220000,0,5,0,0,1,1,0,4,1,1,0,1,0,0000000,99,99,99,99,99,99,0,0,0,1,1
18,180425,1,1,0,0,0,1,1,141,3790,31,7,2016,1,13,32,0,2,7,2,4,CR-BEECH RD,,99998,41.73774444,-86.081327780000,0,53,0,0,1,1,0,4,1,10,0,10,0,0000000,99,99,99,99,99,99,0,0,0,1,1
18,180426,2,2,0,0,0,2,2,105,380,16,7,2016,7,21,40,1,1,3,1,3,SR-37,,99998,39.30358333,-86.516825000000,0,12,6,0,1,1,0,1,2,1,0,1,0,0000000,99,99,99,99,99,99,0,0,0,1,1
18,180427,2,2,0,0,0,2,2,91,2990,3,8,2016,4,6,28,0,2,4,3,4,CR-400,CLEVELAND AVE,99998,41.66581944,-86.884572220000,0,12,6,0,2,2,0,1,1,1,0,1,0,0000000,99,99,99,99,99,99,0,0,0,1,0
18,180428,1,1,0,0,0,1,1,37,2180,28,7,2016,5,18,57,0,1,6,2,4,CR-600 W,,99998,38.32506667,-87.017091670000,0,10,0,0,6,1,0,1,1,1,0,1,0,724930J,99,98,99,98,99,98,0,0,0,1,1
18,180429,3,3,0,0,0,10,10,31,1910,22,7,2016,6,22,26,0,1,5,2,4,CR- 300,,0,39.38090000,-85.454038890000,0,12,8,0,1,1,0,1,2,1,0,1,0,0000000,99,99,99,99,99,99,0,0,0,2,0
18,180430,2,2,0,0,0,3,3,3,1580,9,8,2016,3,5,9,1,1,3,4,5,AIRPORT EXPY,COVERDALE RD,0,40.99680556,-85.225958330000,0,12,6,0,2,2,0,1,3,1,0,1,0,0000000,99,99,99,99,88,88,0,0,0,1,0
18,180431,2,2,0,0,0,4,4,31,1910,9,8,2016,3,5,45,0,1,5,1,2,US- 421,HONDA EXSPRESS ENTRANCE EXPY,0,39.37876944,-85.540763890000,0,12,6,0,2,3,0,1,3,1,0,1,0,0000000,99,99,99,99,99,99,0,0,0,1,0
18,180432,1,1,0,0,0,2,2,97,2210,7,8,2016,1,20,1,1,2,3,1,2,US-36 W,POST RD,99998,39.84456667,-86.010422220000,0,33,0,0,3,2,0,4,1,1,0,1,0,0000000,99,99,99,99,99,99,0,0,0,1,0
18,180433,2,2,0,0,0,2,2,87,2500,4,8,2016,5,14,42,0,1,4,1,2,US-20,SR-5,99998,41.65464444,-85.582172220000,0,12,2,0,8,1,0,1,1,1,0,1,0,0000000,99,99,99,99,99,99,0,0,0,1,0
18,180434,1,1,0,0,0,4,4,139,4270,25,7,2016,2,19,6,0,1,7,2,4,CR-300 N,,99998,39.65605833,-85.358475000000,0,1,0,0,1,1,0,4,1,1,0,1,0,0000000,99,99,99,99,99,99,0,0,0,1,0
18,180435,2,2,0,0,0,2,2,107,1060,13,7,2016,4,14,27,0,1,5,1,3,SR- 55,,0,40.09963056,-86.979411110000,0,12,1,0,1,1,0,1,1,10,0,10,0,0000000,99,99,99,99,99,99,0,0,0,1,0
18,180436,2,2,0,0,0,2,2,47,9997,30,7,2016,7,13,45,0,1,7,2,4,CR- COUNTY LINE RD,,0,39.30999444,-85.084286110000,0,12,2,0,1,1,0,1,1,1,0,1,0,0000000,99,99,99,99,99,99,0,0,0,1,0
18,180437,1,1,0,0,0,3,3,67,2430,6,8,2016,7,0,12,0,2,4,4,6,ALTO RD,,0,40.44050000,-86.134683330000,0,30,0,0,1,1,0,4,2,1,0,1,0,0000000,99,99,99,99,99,99,0,0,0,2,1
18,180438,2,2,0,0,0,2,2,91,2570,9,8,2016,3,7,13,0,1,5,1,2,US- 20,,0,41.68251944,-86.580494440000,0,12,2,0,1,1,0,1,1,1,0,1,0,0000000,99,99,99,99,99,99,0,0,0,1,0
18,180439,2,2,0,0,0,3,3,95,140,4,8,2016,5,12,45,0,2,7,4,6,67TH ST,COLUMBUS AVE,0,40.04638056,-85.662780560000,0,12,6,0,2,2,0,1,1,1,0,1,0,0000000,99,99,99,99,99,99,0,0,0,1,0
18,180440,2,2,0,0,0,3,3,21,770,6,8,2016,7,16,24,0,1,5,1,3,SR- 64,CR- 500,0,39.38904722,-87.201947220000,0,12,6,0,2,2,0,1,1,1,0,1,0,0000000,99,99,99,99,99,99,0,0,0,1,0
18,180441,1,1,0,0,0,1,1,121,3180,7,8,2016,1,16,56,0,1,4,1,2,US- 41,,0,39.68909444,-87.353858330000,0,1,0,0,1,1,0,4,1,1,0,1,0,0000000,99,99,99,99,99,99,0,0,0,1,0
18,180442,1,1,0,0,0,2,2,97,2210,4,8,2016,5,19,57,0,2,5,4,6,16TH ST,,0,39.78930833,-86.014713890000,0,42,0,0,1,1,0,4,1,1,0,1,0,0000000,99,99,99,99,99,99,0,0,0,1,0
18,180443,1,1,0,0,0,1,1,61,3850,9,8,2016,3,22,20,0,1,4,1,2,US- 150 HWY,,0,38.38772778,-86.040900000000,0,30,0,0,1,1,0,4,2,1,0,1,0,0000000,99,99,99,99,88,88,0,0,0,1,0
18,180444,1,1,0,0,0,1,1,123,4820,10,8,2016,4,1,0,0,1,5,2,4,CR- ALOE RD,,0,38.02602778,-86.740433330000,0,42,0,0,1,1,0,4,2,1,0,1,0,0000000,99,99,99,99,88,88,0,0,0,1,0
18,180445,1,1,0,0,0,1,1,17,2730,11,8,2016,5,6,4,0,1,4,1,3,SR- 25,,0,40.80542222,-86.346338890000,0,11,0,0,1,1,0,1,2,1,0,1,0,0000000,99,99,99,99,88,88,0,0,0,1,0
18,180446,1,1,0,0,0,1,1,121,2880,11,8,2016,5,6,0,0,1,5,1,3,SR- 236,CR- 525,0,39.84640556,-87.123888890000,0,34,0,0,1,1,0,4,9,1,0,1,0,0000000,99,99,99,99,88,88,0,0,0,1,0
18,180447,2,2,0,0,0,5,5,111,3270,7,8,2016,1,22,38,0,1,7,2,4,CR- 600,CR- 400,0,41.08665833,-87.467844440000,0,12,6,0,2,2,0,1,2,1,0,1,0,0000000,99,99,99,99,99,99,0,0,0,1,0
18,180448,1,1,0,0,0,5,5,177,780,14,8,2016,1,3,26,0,1,5,2,4,CR- POTTERSHOP ROAD,,0,39.73603333,-84.977263890000,0,1,0,0,1,1,0,4,2,2,0,2,0,0000000,99,99,99,99,99,99,0,0,0,1,0
18,180449,2,2,0,0,0,2,2,97,2210,9,8,2016,3,20,20,1,2,3,4,6,38TH ST,BUTLER AVE,0,39.82549167,-86.080255560000,0,12,6,0,2,2,0,1,1,1,0,1,0,0000000,99,99,99,99,99,99,0,0,0,1,1
18,180450,3,3,0,0,0,5,5,95,1440,9,8,2016,3,11,22,0,1,4,1,3,SR- 37,,0,40.21256667,-85.862455560000,0,12,8,0,1,1,0,1,1,1,0,1,0,0000000,99,99,99,99,99,99,0,0,0,1,0
18,180451,1,1,0,0,0,1,1,109,3870,12,8,2016,6,10,26,0,1,7,2,4,CR- LETTERMAN HILL RD,,0,39.43359167,-86.584555560000,0,34,0,0,1,1,0,4,1,1,0,1,0,0000000,99,99,99,99,88,88,0,0,0,1,0
18,180452,1,1,0,0,0,2,2,107,1060,8,8,2016,2,10,56,1,1,1,1,1,I-74,,400,40.00892222,-86.755158330000,0,18,0,0,1,1,0,1,1,1,0,1,0,0000000,99,99,99,99,99,99,0,0,0,1,0
18,180454,1,1,0,0,0,1,1,41,1000,9,6,2016,5,0,0,0,1,7,2,4,CR- BIG BEAR RD,CR-200,0,39.53715000,-85.101597220000,0,1,0,0,3,3,0,4,2,1,0,1,0,0000000,99,99,99,99,88,88,0,0,0,1,1
18,180455,2,2,0,0,0,3,3,173,4830,13,8,2016,7,5,41,0,1,5,1,3,SR-62,,99998,38.06136111,-87.157966670000,0,12,2,0,1,1,0,1,4,10,0,10,0,0000000,99,99,99,99,99,99,0,0,0,1,0
18,180456,1,1,0,1,1,1,1,97,2210,19,8,2016,6,19,0,0,2,4,4,6,EAST ST,,0,39.74138056,-86.149394440000,0,9,0,0,1,1,0,1,1,10,0,10,0,0000000,99,99,99,99,88,88,0,0,0,1,1
18,180457,1,1,0,0,0,7,7,17,2730,16,8,2016,3,17,6,1,1,3,1,2,US- 24,,0,40.75988056,-86.446563890000,0,42,0,0,1,1,0,4,1,1,0,1,0,0000000,99,99,99,99,99,99,0,0,0,1,0
18,180458,1,1,0,0,0,1,1,95,4770,20,8,2016,7,18,4,0,1,7,2,4,CR- 200,,0,40.31051389,-85.633927780000,0,30,0,0,1,1,0,4,1,1,0,1,0,0000000,99,99,99,99,88,88,0,0,0,1,1
18,180459,2,2,0,0,0,6,6,85,1470,18,8,2016,5,22,24,0,1,5,1,2,US-30 W,SR-19 N,99998,41.27852500,-86.046855560000,0,12,6,0,2,2,0,1,2,1,0,1,0,0000000,99,99,99,99,99,99,0,0,0,3,0
18,180460,1,1,0,0,0,1,1,87,2500,7,8,2016,1,12,27,0,1,5,2,4,CR- 1150,,0,41.74534722,-85.650305560000,0,38,0,0,1,1,0,4,1,1,0,1,0,0000000,99,99,99,99,88,88,0,0,0,1,0
18,180461,1,1,0,0,0,2,2,167,5230,15,7,2016,6,18,48,0,1,7,2,4,CR- CERTAIN ROAD,,0,39.41217778,-87.490494440000,0,42,0,0,1,1,0,4,1,1,0,1,0,0000000,99,99,99,99,88,88,0,0,0,2,0
18,180462,1,1,0,0,0,1,1,153,1240,10,8,2016,4,14,35,0,1,7,2,4,CR-450 E,SR-54 E,99998,39.07190556,-87.324880560000,0,38,0,0,1,1,0,4,1,2,0,2,0,0000000,99,99,99,99,99,99,0,0,0,1,0
18,180464,1,1,0,0,0,1,1,5,990,20,8,2016,7,13,30,1,1,1,1,1,I-65,,655,39.14686944,-85.958038890000,0,24,0,0,1,1,0,4,1,2,0,2,0,0000000,99,99,99,99,88,88,0,0,0,1,0
18,180465,1,1,0,0,0,1,1,167,5230,26,8,2016,6,8,21,0,1,5,2,4,CR- DARWIN RD,,0,39.45251389,-87.465838890000,0,34,0,0,1,1,0,4,9,10,0,10,0,0000000,99,99,99,99,88,88,0,0,0,1,0
18,180466,1,1,0,0,0,1,1,31,1910,23,8,2016,3,5,26,1,1,1,1,1,I- 74,,1320,39.36406111,-85.519144440000,0,21,0,0,1,1,0,4,3,1,0,1,0,0000000,99,99,99,99,88,88,0,0,0,1,0
18,180467,1,1,0,1,1,1,1,89,2515,24,8,2016,4,19,57,1,2,1,1,1,I- 80,,120,41.57025000,-87.293869440000,0,8,0,0,1,1,0,1,1,1,0,1,0,0000000,99,99,99,99,88,88,19,0,0,1,0
18,180468,2,2,0,0,0,2,2,183,2580,26,8,2016,6,9,44,1,1,2,1,2,US- 30,,0,41.17795556,-85.609308330000,0,12,8,0,1,1,0,1,1,1,0,1,0,0000000,99,99,99,99,88,88,0,0,0,1,0
18,180469,2,2,0,0,0,4,4,19,800,26,8,2016,6,9,30,0,1,3,1,3,SR- 62,,0,38.42107778,-85.667994440000,0,12,1,0,6,1,0,1,1,1,0,1,1,9999999,99,99,99,99,99,99,0,0,0,1,0
18,180470,1,1,0,1,1,1,1,109,2890,28,8,2016,1,5,2,1,1,3,1,3,SR- 37,,0,39.42579167,-86.400983330000,0,8,0,0,1,1,0,1,2,1,0,1,0,0000000,99,99,99,99,88,88,0,0,0,1,0
18,180471,2,2,0,0,0,2,2,27,5120,15,8,2016,2,17,20,1,1,3,1,2,US-50 W,SR-57 S,99998,38.63016944,-87.180625000000,0,12,6,0,2,2,0,1,1,10,0,10,0,0000000,99,99,99,99,99,99,0,0,0,1,0
18,180472,1,1,0,0,0,2,2,67,2430,23,8,2016,3,10,47,0,2,4,1,3,SR-22,KING ST,99998,40.48059444,-86.133605560000,0,33,0,0,1,1,0,4,1,1,0,1,0,0000000,99,99,99,99,99,99,0,0,0,1,0
18,180473,1,1,0,1,1,1,1,53,2850,28,8,2016,1,14,19,0,1,5,4,5,10TH ST,VALLEY AVE,99998,40.55186389,-85.666636110000,0,9,0,0,2,2,0,1,1,1,0,1,0,0000000,99,99,99,99,99,99,0,0,0,1,0
18,180474,3,3,0,0,0,6,6,163,1480,14,8,2016,1,16,47,1,2,3,1,2,US-41 N,HILLSDALE RD,99998,38.07948056,-87.554727780000,0,12,6,0,2,2,0,1,1,10,0,10,0,0000000,99,99,99,99,99,99,0,0,0,1,0
18,180475,1,1,0,1,1,1,1,145,4470,29,8,2016,2,21,48,0,1,4,1,3,SR-9 S,CR-950 S,99998,39.38732778,-85.759916670000,0,8,0,0,2,2,0,1,2,1,0,1,0,0000000,99,98,99,98,99,98,0,0,0,1,0
18,180476,2,2,0,0,0,2,2,109,2890,26,8,2016,6,17,12,1,2,3,1,3,SR- 37,BANTA RD,0,39.55595000,-86.251108330000,0,12,6,0,3,3,0,1,1,10,0,10,0,0000000,99,99,99,99,99,99,0,0,0,1,0
18,180477,3,3,0,0,0,8,8,97,2210,22,6,2016,4,13,29,1,2,1,1,1,I-70,,725,39.71176667,-86.272391670000,0,12,2,0,1,1,0,1,1,10,0,10,0,0000000,99,99,99,99,99,99,0,0,0,1,0
18,180478,1,1,0,0,0,1,1,65,630,1,7,2016,6,18,5,0,1,5,1,3,SR- 38,,0,39.96483333,-85.551950000000,0,1,0,0,1,1,0,4,1,1,0,1,0,0000000,99,99,99,99,99,99,0,0,0,1,0
18,180479,1,1,0,1,1,1,1,97,2210,14,7,2016,5,6,18,0,2,4,4,6,MINNESOTA ST,,0,39.74289444,-86.250188890000,0,9,0,0,8,1,0,1,1,10,0,10,0,0000000,99,99,99,99,99,99,0,0,0,1,0
18,180480,1,1,0,0,0,1,1,129,3340,15,8,2016,2,9,27,0,1,4,4,5,2ND ST,,0,37.92896944,-87.899794440000,0,42,0,0,1,1,0,4,1,10,0,10,0,0000000,99,99,99,99,99,99,0,0,0,1,0
18,180481,1,1,0,0,0,1,1,97,2210,24,8,2016,4,21,45,0,2,5,4,6,HAVERSTICK RD,,0,39.91966667,-86.117097220000,0,38,0,0,1,1,0,4,1,10,0,10,0,0000000,99,99,99,99,88,88,0,0,0,1,0
18,180482,1,1,0,0,0,1,1,97,2210,1,9,2016,5,3,0,0,2,4,1,2,US- 36,,0,39.88078889,-85.949508330000,0,31,0,0,1,1,0,4,3,1,0,1,0,0000000,99,99,99,99,88,88,0,0,0,1,0
18,180483,2,2,0,0,0,5,5,97,2210,25,8,2016,5,8,15,0,2,4,4,6,TROY AVE,SHELBY ST,0,39.72276667,-86.139527780000,0,12,6,0,2,2,0,1,1,1,0,1,0,0000000,99,99,99,99,99,99,0,0,0,1,0
18,180484,2,2,0,0,0,2,2,167,4840,12,8,2016,6,4,55,0,1,5,4,5,RIO GRANDE AVE,GRANDEWAY CT,0,39.56458056,-87.285708330000,0,12,6,0,2,3,0,1,2,1,0,1,0,0000000,99,99,99,99,99,99,0,0,0,1,0
18,180485,2,2,0,0,0,3,3,9,3210,31,8,2016,4,14,37,0,1,4,1,3,SR- 18,,0,40.55206944,-85.346261110000,0,12,8,0,1,1,0,1,1,1,0,1,0,0000000,99,99,99,99,99,99,0,0,0,1,0
18,180486,1,1,0,0,0,1,1,93,300,2,9,2016,6,1,31,0,1,7,4,5,JACKSON ST,,0,38.88943611,-86.483350000000,0,35,0,0,1,1,0,4,2,1,0,1,0,0000000,99,99,99,99,88,88,0,0,0,1,0
18,180487,2,2,0,0,0,2,2,19,800,3,9,2016,7,15,25,0,1,5,1,3,SR- 3,,0,38.50361667,-85.668477780000,0,12,2,0,1,1,0,1,1,1,0,1,0,0000000,99,99,99,99,99,99,0,0,0,1,1
18,180488,1,1,0,1,1,2,2,145,4470,4,9,2016,1,2,5,0,1,5,2,4,CR- 400,,0,39.58396389,-85.849533330000,0,8,0,0,1,1,0,1,2,1,0,1,0,0000000,99,99,99,99,88,88,0,0,0,1,0
18,180489,1,1,0,0,0,3,3,17,2730,6,9,2016,3,1,50,0,1,7,2,4,CR- SOUTH WEST RIVER RD,,0,40.74963056,-86.449419440000,0,35,0,0,1,1,0,4,2,1,0,1,0,0000000,99,99,99,99,99,99,0,0,0,2,1
18,180490,3,3,0,0,0,5,5,33,220,2,9,2016,6,15,56,0,1,6,2,4,CR- 19,CR- 40,0,41.38141944,-85.098280560000,0,12,6,0,2,2,0,1,1,1,0,1,0,0000000,99,99,99,99,99,99,0,0,0,2,0
18,180491,1,1,0,0,0,1,1,5,990,29,8,2016,2,23,43,0,1,7,4,5,SUNLAND DR,,0,39.22663056,-85.783466670000,0,43,0,0,1,1,0,4,2,1,0,1,0,0000000,99,99,99,99,88,88,0,0,0,1,0
18,180492,2,2,0,1,1,3,3,57,1540,30,8,2016,3,23,0,1,2,3,1,3,SR- 37,125TH ST,0,39.97158333,-86.003833330000,0,9,0,0,2,2,0,1,2,10,0,10,0,0000000,99,99,99,99,88,88,0,0,0,1,0
18,180493,1,1,0,0,0,1,1,151,1680,4,9,2016,1,19,3,0,1,5,2,4,CR- 300,,0,41.73725278,-85.048580560000,0,42,0,0,1,1,0,4,1,1,0,1,0,0000000,99,99,99,99,99,99,0,0,0,1,0
18,180494,3,3,0,0,0,6,6,95,140,25,8,2016,5,8,0,1,2,3,4,6,RANGELINE RD,38TH ST,0,40.07663889,-85.633641670000,0,12,6,0,2,2,0,1,1,1,0,1,0,0000000,99,99,99,99,99,99,0,0,0,1,0
18,180495,2,2,0,0,0,5,5,9,2040,14,7,2016,5,10,53,0,1,4,1,3,SR- 3,SR- 26,0,40.45130278,-85.370155560000,0,12,6,0,2,2,0,1,1,1,0,1,0,0000000,99,99,99,99,99,99,0,0,0,1,0
18,180496,1,1,0,0,0,2,2,167,4840,11,8,2016,5,19,0,0,2,5,4,6,23RD ST,,0,39.51699444,-87.381561110000,0,5,0,0,1,1,0,1,1,1,0,1,0,0000000,99,99,99,99,99,99,0,0,0,1,0
18,180497,3,3,0,0,0,3,3,11,4850,9,9,2016,6,6,3,0,1,5,1,2,US- 52,SUGAR CREEK RD,0,40.17034167,-86.609136110000,0,12,6,0,2,3,0,1,2,10,0,10,0,0000000,99,99,99,99,88,88,0,0,0,1,0
18,180498,2,2,0,0,0,2,2,61,1030,7,9,2016,4,0,45,1,1,1,1,1,I-64,,1070,38.24381389,-86.097036110000,0,39,0,0,1,1,0,4,2,1,0,1,0,0000000,99,98,99,98,99,98,0,0,0,1,0
18,180499,1,1,0,0,0,1,1,51,3830,6,9,2016,3,1,45,0,1,4,2,4,CR-WEST DUKE TRUCK ROUTE,SR-64,99998,38.38643056,-87.734161110000,0,42,0,0,1,1,0,4,2,1,0,1,0,0000000,99,98,99,98,99,98,0,0,0,1,0
18,180500,1,1,0,0,0,1,1,97,2210,3,9,2016,7,5,55,1,2,1,1,1,I-70 E,,879,39.80253889,-86.078094440000,0,25,0,0,1,1,0,3,3,1,0,1,0,0000000,99,98,99,98,99,98,0,0,0,1,0
18,180501,3,3,0,0,0,3,3,3,1580,8,9,2016,5,23,10,1,2,2,1,2,US-30,,99998,41.12610000,-85.193602780000,0,12,1,0,1,1,0,1,2,1,0,1,0,0000000,99,99,99,99,99,99,0,0,0,1,0
18,180502,1,1,0,0,0,1,1,3,1580,8,9,2016,5,21,48,0,2,7,4,6,TILL RD,,99998,41.16911389,-85.142802780000,0,5,0,0,1,1,0,1,2,1,0,1,0,0000000,99,98,99,98,99,98,0,0,0,1,1
18,180503,2,2,0,0,0,3,3,97,2210,6,9,2016,3,15,27,1,2,1,1,1,I-65 S,,1112,39.77312500,-86.142833330000,0,12,1,0,1,1,0,1,1,1,0,1,0,0000000,99,99,99,99,99,99,27,0,0,1,0
18,180504,2,2,0,0,0,3,3,31,1910,8,9,2016,5,11,46,1,1,1,1,1,I-74 W,,1410,39.32548611,-85.380911110000,0,12,7,0,1,1,0,1,1,2,0,2,0,0000000,99,98,99,98,99,98,5,0,0,1,0