STATE,ST_CASE,VE_TOTAL,VE_FORMS,PVH_INVL,PEDS,PERNOTMVIT,PERMVIT,PERSONS,COUNTY,CITY,DAY,MONTH,YEAR,DAY_WEEK,HOUR,MINUTE,NHS,RUR_URB,FUNC_SYS,RD_OWNER,ROUTE,TWAY_ID,TWAY_ID2,MILEPT,LATITUDE,LONGITUD,SP_JUR,HARM_EV,MAN_COLL,RELJCT1,RELJCT2,TYP_INT,WRK_ZONE,REL_ROAD,LGT_COND,WEATHER1,WEATHER2,WEATHER,SCH_BUS,RAIL,NOT_HOUR,NOT_MIN,ARR_HOUR,ARR_MIN,HOSP_HR,HOSP_MN,CF1,CF2,CF3,FATALS,DRUNK_DR
18,180505,1,1,0,0,0,1,1,9,3210,11,9,2016,1,2,35,0,1,4,4,5,WARREN AVE,,99998,40.55956389,-85.283105560000,0,42,0,0,1,1,0,4,2,1,0,1,0,0000000,99,98,99,98,99,98,0,0,0,1,1
18,180506,1,1,0,0,0,1,1,85,5110,2,8,2016,3,13,21,1,1,2,1,2,US- 30,,0,41.27006111,-85.881566670000,0,1,0,0,1,1,0,4,1,1,0,1,0,0000000,99,99,99,99,88,88,0,0,0,1,0
18,180508,6,6,0,0,0,7,7,97,2210,8,9,2016,5,4,51,1,2,1,1,1,I- 69,,2021,39.91676944,-86.036922220000,0,12,1,0,1,1,0,1,2,1,0,1,0,0000000,99,99,99,99,99,99,19,0,0,1,0
18,180509,1,1,0,0,0,1,1,109,2890,8,9,2016,5,18,5,0,1,6,2,4,CR- BAIN RD,,0,39.44735000,-86.480558330000,0,30,0,0,1,1,0,4,1,10,0,10,0,0000000,99,99,99,99,99,99,0,0,0,1,0
18,180510,4,4,0,0,0,10,10,89,2010,26,8,2016,6,1,25,1,2,1,1,1,I- 80,,46,41.57390278,-87.446569440000,0,12,1,0,1,1,1,1,2,10,0,10,0,0000000,99,99,99,99,99,99,0,0,0,1,0
18,180511,1,1,0,0,0,1,1,169,5040,19,9,2016,2,1,15,0,1,4,4,5,LAFONTAINE AVE,,99998,40.79116944,-85.811594440000,0,34,0,0,1,1,0,4,3,1,0,1,0,0000000,99,99,99,99,99,99,0,0,0,1,1
18,180512,2,2,0,0,0,2,2,85,2640,12,9,2016,2,12,34,0,1,5,2,4,CR-700 N,CR-200 E,99998,41.33616667,-85.805855560000,0,12,6,0,2,2,0,1,1,1,0,1,0,0000000,99,99,99,99,99,99,0,0,0,1,0
18,180513,2,2,0,0,0,5,5,89,2972,17,9,2016,7,13,50,1,2,3,1,3,SR-55 N,,99998,41.47647778,-87.364980560000,0,12,6,0,8,1,0,1,1,1,0,1,0,0000000,99,99,99,99,99,99,0,0,0,1,0
18,180514,2,2,0,0,0,2,2,155,5020,19,8,2016,6,22,0,0,1,6,1,3,SR-156 E,,99998,38.81179167,-85.042208330000,0,12,2,0,1,1,0,1,2,1,0,1,0,0000000,99,99,99,99,99,99,0,0,0,1,0
18,180515,1,1,0,0,0,4,4,89,2515,9,9,2016,6,19,0,1,2,1,1,1,I-80,,157,41.57943333,-87.252766670000,0,24,0,0,1,1,0,4,3,2,0,2,0,0000000,99,99,99,99,99,99,0,0,0,1,0
18,180516,1,1,0,0,0,1,1,89,2760,18,9,2016,1,16,25,0,1,5,1,3,SR-2 E,CALUMET AVE,99998,41.23846389,-87.505302780000,0,42,0,0,1,1,0,4,1,1,0,1,0,0000000,99,98,99,98,99,98,0,0,0,1,0
18,180517,3,3,0,0,0,4,4,167,4840,12,9,2016,2,17,21,1,1,3,1,2,US-41,PIMENTO CIR,99998,39.30728611,-87.388211110000,0,12,6,0,2,2,0,1,1,1,0,1,0,0000000,99,99,99,99,99,99,0,0,0,1,0
18,180518,2,2,0,0,0,2,2,67,2430,1,9,2016,5,17,10,0,2,7,4,6,WAUGH ST,VIRGINIA AVE,99998,40.47361667,-86.120916670000,0,12,2,0,2,2,0,1,1,1,0,1,0,0000000,99,99,99,99,99,99,0,0,0,1,1
18,180519,2,2,0,0,0,2,2,31,1910,4,9,2016,1,10,15,1,1,3,1,2,US-421,,99998,39.24305278,-85.347166670000,0,12,2,0,1,1,0,1,1,1,0,1,0,0000000,99,99,99,99,99,99,0,0,0,1,0
18,180520,1,1,0,0,0,2,2,79,3670,18,9,2016,1,13,30,1,1,3,1,2,US-50,,99998,38.99935000,-85.646113890000,0,34,0,0,1,1,0,4,1,1,0,1,0,0000000,99,99,99,99,99,99,0,0,0,1,0
18,180521,1,1,0,1,1,1,1,97,2210,22,9,2016,5,9,26,1,2,3,4,6,MICHIGAN RD,,99998,39.85494167,-86.195347220000,0,8,0,0,1,1,0,1,1,98,0,98,0,0000000,99,98,99,98,99,98,0,0,0,1,0
18,180522,2,2,0,0,0,2,2,69,2860,21,9,2016,4,20,42,0,1,5,1,3,SR-3 S,CR-500 S,0,40.75646389,-85.373475000000,0,12,6,0,2,2,0,1,2,1,0,1,0,0000000,99,99,99,99,88,88,0,0,0,1,0
18,180523,2,2,0,0,0,2,2,163,1480,21,9,2016,4,19,42,0,2,7,4,6,ADAMS AVE,RIVERSIDE DR,0,37.96144167,-87.569005560000,0,12,2,0,2,2,0,1,3,1,0,1,0,0000000,99,99,99,99,99,99,0,0,0,1,0
18,180524,1,1,0,0,0,1,1,29,4310,22,9,2016,5,5,50,1,1,1,1,1,I-74 W,,1640,39.27891944,-84.964597220000,0,1,0,0,1,1,0,3,2,1,0,1,0,0000000,99,99,99,99,99,99,0,0,0,1,0
18,180525,2,2,0,0,0,2,2,105,380,24,9,2016,7,0,12,1,1,3,1,3,SR-37 S,OLD SR-37,0,39.08545278,-86.542572220000,0,12,6,0,2,2,0,1,2,1,0,1,0,0000000,99,99,99,99,88,88,0,0,0,1,0
18,180526,1,1,0,0,0,2,2,131,2920,25,9,2016,1,15,3,0,1,5,1,3,SR-39 N,,99998,41.05463611,-86.777197220000,0,34,0,0,1,1,0,4,1,1,0,1,0,0000000,99,99,99,99,99,99,0,0,0,1,1
18,180527,2,2,0,0,0,5,5,91,5240,24,9,2016,7,17,6,0,1,4,1,2,US-421,US-6,0,41.53593333,-86.896672220000,0,12,6,0,2,2,0,1,1,1,0,1,0,0000000,99,99,99,99,99,99,0,0,0,1,0
18,180528,1,1,0,0,0,3,3,143,240,23,9,2016,6,6,54,0,1,5,2,4,CR-JACK MORGAN RD,,99998,38.74660000,-85.785633330000,0,58,0,0,1,1,0,4,4,1,0,1,0,0000000,99,98,99,98,99,98,0,0,0,2,0
18,180529,1,1,0,0,0,2,2,91,2570,25,9,2016,1,19,48,0,1,5,2,4,CR-1000 N,,99998,41.75266389,-86.686186110000,0,42,0,0,1,1,0,4,2,2,0,2,0,0000000,99,99,99,99,99,99,0,0,0,1,0
18,180530,1,1,0,0,0,2,2,31,1910,25,9,2016,1,16,47,1,1,3,1,3,SR-46 W,,99998,39.27226389,-85.672752780000,0,5,0,0,1,1,0,1,1,1,0,1,0,0000000,99,99,99,99,99,99,0,0,0,1,0
18,180531,1,1,0,1,1,1,1,89,1730,12,9,2016,2,10,20,1,2,1,1,1,I-80,,50,41.57007222,-87.418202780000,0,8,0,0,1,1,0,1,1,1,0,1,0,0000000,99,99,99,99,88,88,0,0,0,1,0
18,180533,2,2,0,0,0,3,3,89,2515,14,9,2016,4,14,0,1,2,3,4,6,RIPLEY ST,OLD HOBAR RD,99998,41.58879444,-87.240505560000,0,12,2,0,3,3,0,1,1,1,0,1,0,0000000,99,99,99,99,99,99,0,0,0,1,0
18,180534,1,1,0,1,1,1,1,163,1480,20,9,2016,3,5,6,0,1,7,4,5,BOONVILLE NEW HARMONY RD,,0,38.09975556,-87.582194440000,0,8,0,0,1,1,0,1,2,5,0,5,0,0000000,99,99,99,99,88,88,0,0,0,1,0
18,180535,1,1,0,0,0,1,1,97,2210,25,9,2016,1,2,53,0,2,5,4,6,BROOKVILLE,,0,39.75551667,-86.052683330000,0,33,0,0,1,1,0,4,3,10,0,10,0,0000000,99,99,99,99,88,88,0,0,0,1,0
18,180536,1,1,0,0,0,4,4,169,5040,25,9,2016,1,2,15,1,1,2,1,2,US-24,,0,40.80028056,-85.858750000000,0,1,0,0,1,1,0,1,2,1,0,1,0,0000000,99,99,99,99,99,99,0,0,0,1,1
18,180537,2,2,0,0,0,2,2,97,2210,19,9,2016,2,17,40,0,2,7,4,6,THOMPSON RD,,99998,39.69248889,-86.190613890000,0,12,6,0,8,1,0,1,1,1,0,1,0,0000000,99,98,99,98,99,98,0,0,0,1,0
18,180538,3,3,0,0,0,6,6,5,990,21,9,2016,4,12,3,1,2,1,1,1,I-65 S,,683,39.20037222,-85.958200000000,0,12,1,0,1,1,0,1,1,1,0,1,0,0000000,99,99,99,99,99,99,26,0,0,1,0
18,180539,2,2,0,0,0,2,2,43,1788,26,9,2016,2,12,58,0,1,7,4,5,HENRIOTT RD,,99998,38.31016111,-85.956855560000,0,35,0,0,1,1,0,4,1,10,0,10,0,0000000,99,98,99,98,99,98,0,0,0,1,0
18,180540,1,1,0,0,0,1,1,25,2620,25,9,2016,1,14,30,0,1,5,1,3,SR-62 E,,0,38.20543889,-86.399472220000,0,5,0,0,1,1,0,4,1,1,0,1,0,0000000,99,99,99,99,99,99,0,0,0,1,0
18,180541,1,1,0,0,0,3,3,105,380,25,9,2016,1,15,28,0,2,7,2,4,CR-STANSIFER LANE,,0,39.11308333,-86.568422220000,0,42,0,0,1,1,0,4,1,1,0,1,0,0000000,99,99,99,99,99,99,0,0,0,1,0
18,180542,2,2,0,0,0,2,2,141,4580,16,9,2016,6,16,26,1,2,3,4,6,PRAIRIE AVE,,99998,41.64613889,-86.288344440000,0,12,2,0,1,1,0,1,1,10,0,10,0,0000000,99,99,99,99,99,99,0,0,0,1,0
18,180543,2,2,0,0,0,2,2,163,1480,17,7,2016,1,12,5,0,2,7,4,6,SECOND ST,COURT ST,0,37.97293611,-87.575336110000,0,12,6,0,2,2,0,1,1,1,0,1,0,0000000,99,99,99,99,99,99,0,0,0,1,0
18,180544,2,2,0,0,0,3,3,147,1140,26,9,2016,2,20,53,1,1,1,1,1,I-64,,645,38.20309722,-86.901500000000,0,12,1,0,1,1,0,1,2,1,0,1,0,0000000,99,99,99,99,99,99,0,0,0,2,0
18,180545,1,1,0,1,1,1,1,97,2210,26,9,2016,2,21,27,0,2,7,4,6,NATIONAL AVE,,0,39.71218889,-86.118805560000,0,8,0,0,1,1,0,1,6,98,0,98,0,0000000,99,99,99,99,99,99,0,0,0,1,0
18,180546,2,2,0,0,0,3,3,97,2210,25,9,2016,1,2,15,1,2,2,4,6,ROCKVILLE RD,I-465 S RAMP,99998,39.76475833,-86.267758330000,0,12,6,1,2,2,0,1,3,1,0,1,0,0000000,99,99,99,99,99,99,0,0,0,1,2
18,180547,1,1,0,0,0,1,1,57,200,30,9,2016,6,22,33,0,1,5,2,4,CR- 296TH ST,,0,40.21864722,-85.893286110000,0,30,0,0,1,1,0,4,3,10,0,10,0,0000000,99,99,99,99,88,88,0,0,0,1,0
18,180548,1,1,0,1,1,2,2,119,1840,30,9,2016,6,23,50,0,1,4,1,3,SR-67,COUNTRY CLUB RD,0,39.35605833,-86.730497220000,0,8,0,0,2,2,0,1,2,5,0,5,0,0000000,99,99,99,99,99,99,0,0,0,1,0
18,180549,2,2,0,0,0,2,2,103,3940,23,9,2016,6,18,33,0,1,7,2,4,CR- TERRACE AVE,AIRPORT RD,0,40.73220556,-86.111380560000,0,12,6,0,2,3,0,1,1,1,0,1,0,0000000,99,99,99,99,99,99,0,0,0,1,0
18,180550,1,1,0,0,0,1,1,153,4750,30,9,2016,6,3,28,0,1,4,1,3,SR- 154,,0,39.10636667,-87.476655560000,0,42,0,0,1,1,0,4,2,10,0,10,0,0000000,99,99,99,99,88,88,0,0,0,1,0
18,180551,2,2,0,0,0,5,5,97,2210,30,9,2016,6,23,49,1,2,3,4,6,KEYSTONE AVE,,0,39.80205556,-86.121508330000,0,12,6,0,1,1,0,1,3,10,0,10,0,0000000,99,99,99,99,99,99,0,0,0,2,1
18,180552,1,1,0,0,0,1,1,89,2120,3,10,2016,2,4,40,1,1,3,4,5,GRAND BLVD RD,,0,41.48749444,-87.258600000000,0,42,0,0,1,1,0,4,2,1,0,1,0,0000000,99,99,99,99,88,88,0,0,0,1,0
18,180553,2,2,0,0,0,2,2,1,1180,4,10,2016,3,8,42,1,1,3,1,2,US-33,SALEM RD,99998,40.80597222,-84.891477780000,0,12,6,0,2,2,0,1,1,1,0,1,0,0000000,99,98,99,98,99,98,0,0,0,1,0
18,180554,2,2,0,0,0,2,2,61,1390,1,10,2016,7,16,5,0,1,5,4,5,111 HWY,,99998,38.17151944,-85.907755560000,0,12,2,0,1,1,0,1,1,10,0,10,0,0000000,99,99,99,99,99,99,0,0,0,1,0
18,180555,1,1,0,0,0,2,2,177,420,30,9,2016,6,7,23,0,1,5,1,3,SR- 122,,0,39.74371389,-84.829500000000,0,1,0,0,1,1,0,4,2,2,0,2,0,0000000,99,99,99,99,99,99,0,0,0,1,0
18,180556,2,2,0,0,0,3,3,97,2210,25,9,2016,1,17,6,1,2,3,1,3,SR-135 S,WATERBURY RD,99998,39.65949722,-86.158436110000,0,12,6,0,2,3,0,1,1,1,0,1,0,0000000,99,98,99,98,99,98,0,0,0,1,0
18,180557,1,1,0,0,0,1,1,89,1100,9,6,2016,5,11,11,1,2,1,1,1,I-65,,2489,41.41308611,-87.321297220000,0,50,0,0,1,1,2,4,1,10,0,10,0,0000000,99,99,99,99,99,99,0,0,0,1,0
18,180558,2,2,0,1,1,2,2,145,4470,3,10,2016,2,20,41,1,1,1,1,1,I- 74,,1100,39.58214722,-85.819336110000,0,8,0,0,1,1,0,1,2,10,0,10,0,0000000,99,99,99,99,88,88,0,0,0,1,0
18,180559,2,2,0,0,0,2,2,39,1410,6,10,2016,5,14,11,0,2,5,4,6,HIVLEY AVE,NAPPANEE ST,0,41.65974167,-86.003019440000,0,12,6,0,2,3,0,1,1,1,0,1,0,0000000,99,99,99,99,99,99,0,0,0,1,0
18,180560,1,1,0,0,0,1,1,173,2800,4,10,2016,3,17,18,0,1,5,1,3,SR- 68,,99998,38.18688889,-87.042436110000,0,30,0,0,1,1,0,4,1,1,0,1,0,0000000,99,99,99,99,88,88,0,0,0,1,0
18,180561,2,2,0,0,0,2,2,89,1100,23,9,2016,6,14,10,1,2,3,1,3,SR-55,,99998,41.43314722,-87.364430560000,0,12,6,0,8,1,0,1,1,1,0,1,0,0000000,99,98,99,98,99,98,0,0,0,1,0
18,180562,1,1,0,0,0,1,1,97,2210,3,10,2016,2,1,0,1,2,3,4,6,16TH ST,DR. MARTIN LUTHER KING JR,99998,39.78832500,-86.168430560000,0,30,0,0,3,2,0,4,3,1,0,1,0,0000000,99,98,99,98,99,98,0,0,0,1,0
18,180563,2,1,1,1,1,1,1,89,2760,3,10,2016,2,1,10,1,1,1,1,1,I-65 S,,2430,41.37793056,-87.324083330000,0,14,0,0,1,1,0,5,2,1,0,1,0,0000000,99,98,99,98,99,98,23,0,0,1,0
18,180564,3,3,0,0,0,4,4,63,4720,4,10,2016,3,11,35,0,1,5,1,2,US-40,,99998,39.64027222,-86.627005560000,0,12,2,0,1,1,0,1,1,1,0,1,0,0000000,99,99,99,99,99,99,0,0,0,1,0
18,180565,2,2,0,0,0,2,2,17,2730,5,10,2016,4,20,34,0,1,4,4,5,BROADWAY ST,,0,40.75657778,-86.350716670000,0,12,1,0,1,1,0,1,3,1,0,1,0,0000000,99,99,99,99,99,99,0,0,0,1,0
18,180566,2,2,0,0,0,3,3,81,1650,7,10,2016,6,12,36,0,1,4,1,3,SR-135 S,SR-44,0,39.44843889,-86.157916670000,0,12,6,0,2,2,0,1,1,1,0,1,0,0000000,99,99,99,99,99,99,0,0,0,1,0
18,180567,2,2,0,0,0,2,2,173,795,7,10,2016,6,9,23,0,2,4,1,3,SR-62,4TH ST,0,38.04288056,-87.363302780000,0,12,6,0,2,2,0,1,1,1,0,1,0,0000000,99,99,99,99,99,99,0,0,0,1,0
18,180568,1,1,0,1,1,3,3,91,2990,8,10,2016,7,23,38,1,1,3,1,2,US-20,TERRACE ACRES PKWY,99998,41.68055000,-86.924816670000,0,9,0,0,1,1,0,1,2,1,0,1,0,0000000,99,99,99,99,99,99,0,0,0,1,0
18,180569,1,1,0,0,0,1,1,59,3510,8,10,2016,7,23,38,0,1,5,2,4,CR-600 S,,99998,39.74210833,-85.911563890000,0,31,0,0,1,1,0,4,2,1,0,1,0,0000000,99,98,99,98,99,98,0,0,0,1,1
18,180570,2,2,0,0,0,3,3,15,5470,29,3,2016,3,8,52,0,1,4,1,2,US- 421,CR- 950,0,40.68585833,-86.738766670000,0,12,6,0,2,3,0,1,1,1,0,1,0,0000000,99,99,99,99,99,99,0,0,0,1,0
18,180571,2,2,0,0,0,4,4,145,4470,1,6,2016,4,14,57,0,1,4,1,3,SR- 244,,0,39.56815000,-85.636902780000,0,12,6,0,1,1,0,1,1,1,0,1,0,0000000,99,99,99,99,99,99,0,0,0,1,0
18,180572,1,1,0,1,1,2,2,97,2210,5,8,2016,6,6,1,0,2,7,4,6,71ST ST,WINTON DR,0,39.88196389,-86.247025000000,0,8,0,0,1,1,0,1,3,10,0,10,0,0000000,99,99,99,99,99,99,0,0,0,1,0
18,180573,2,2,0,0,0,4,4,67,2430,8,10,2016,7,9,37,0,1,3,1,3,SR- 26,CR- 400,0,40.41729722,-86.309225000000,0,12,6,0,2,2,0,1,1,1,0,1,0,0000000,99,99,99,99,99,99,0,0,0,1,0
18,180574,2,2,0,0,0,2,2,31,4320,5,10,2016,4,11,30,0,1,5,4,5,MICHIGAN RD,,0,39.41063333,-85.577697220000,0,12,2,0,1,1,0,1,1,1,0,1,0,0000000,99,99,99,99,99,99,0,0,0,1,0
18,180575,3,3,0,0,0,3,3,99,4010,6,10,2016,5,13,58,1,1,3,1,2,US-31,9A RD,0,41.34319444,-86.276111110000,0,12,6,0,2,2,0,1,1,1,0,1,0,0000000,99,99,99,99,99,99,0,0,0,1,0
18,180576,1,1,0,1,1,2,2,141,4580,10,10,2016,2,21,28,0,1,5,1,2,US- 20,,0,41.70645278,-86.507347220000,0,8,0,0,1,1,0,1,3,1,0,1,0,0000000,99,99,99,99,99,99,0,0,0,1,0
18,180577,2,2,0,0,0,3,3,51,2060,11,10,2016,3,7,3,1,1,3,1,2,US-41 S,CR-1250 S,99998,38.17403611,-87.550438890000,0,12,6,0,2,2,0,1,1,10,0,10,0,0000000,99,99,99,99,99,99,0,0,0,1,0
18,180578,1,1,0,0,0,1,1,31,1910,13,9,2016,3,23,37,1,1,3,1,3,SR- 46,,0,39.30803056,-85.578466670000,0,1,0,0,1,1,0,4,2,1,0,1,0,0000000,99,99,99,99,99,99,0,0,0,1,0
18,180579,1,1,0,1,1,1,1,27,3190,18,9,2016,1,14,21,0,1,5,2,4,CR- 600,,0,38.59833056,-87.054636110000,0,9,0,0,1,1,0,1,1,1,0,1,0,0000000,99,99,99,99,99,99,0,0,0,1,0
18,180580,2,2,0,0,0,2,2,109,2890,27,9,2016,3,6,44,1,1,3,1,3,SR- 37,OLD SR- 37,0,39.51658333,-86.301513890000,0,12,6,0,2,3,0,1,1,10,0,10,0,0000000,99,99,99,99,88,88,0,0,0,1,0
18,180581,1,1,0,1,1,1,1,141,4580,9,10,2016,1,20,48,0,2,7,4,6,ADAMS ST,HUMBOLD ST,99998,41.69080000,-86.275272220000,0,8,0,0,2,2,0,1,3,1,0,1,0,0000000,99,99,99,99,88,88,0,0,0,1,0
18,180582,1,1,0,0,0,2,2,19,2270,13,10,2016,5,7,38,1,2,2,1,3,SR-31 N,RAMP 1,99998,38.27012500,-85.746213890000,0,20,0,1,5,1,0,4,4,1,0,1,0,0000000,99,99,99,99,99,99,0,0,0,1,0
18,180583,2,2,0,0,0,2,2,91,4890,3,10,2016,2,13,41,1,1,3,1,2,US-20 E,,99998,41.68741389,-86.860280560000,0,12,2,0,1,1,0,1,1,10,0,10,0,0000000,99,98,99,98,99,98,0,0,0,1,0
18,180584,2,2,0,0,0,2,2,91,2990,12,10,2016,4,3,20,1,2,3,4,6,FRANKLIN ST,EARL RD,99998,41.69814722,-86.894255560000,0,12,6,0,3,2,0,1,3,10,0,10,0,0000000,99,98,99,98,99,98,0,0,0,1,1
18,180585,2,2,0,0,0,3,3,107,1060,13,10,2016,5,7,17,0,1,5,1,2,US- 136,,0,40.02296389,-86.827105560000,0,12,6,0,1,1,0,1,2,2,0,2,0,0000000,99,99,99,99,99,99,0,0,0,1,0
18,180586,2,2,0,0,0,2,2,119,4630,12,10,2016,4,14,20,1,1,3,1,2,US- 231,,0,39.32917778,-86.745086110000,0,12,8,0,1,1,0,1,1,1,0,1,0,0000000,99,99,99,99,99,99,0,0,0,1,0
18,180587,1,1,0,0,0,3,3,43,1939,15,10,2016,7,16,19,0,1,5,2,4,CR- SCOTTSVILLE RD,,0,38.37240000,-85.901372220000,0,1,0,0,1,1,0,4,1,1,0,1,0,0000000,99,99,99,99,99,99,0,0,0,1,1
18,180588,1,1,0,0,0,2,2,5,990,18,7,2016,2,4,35,0,1,5,1,3,SR- 58,CR- 725,0,39.06421389,-86.042894440000,0,5,0,0,1,1,0,1,2,1,0,1,0,0000000,88,88,88,88,88,88,0,0,0,1,0
18,180589,2,2,0,0,0,3,3,97,2210,12,10,2016,4,22,44,1,2,3,4,6,10TH ST,WHITCOMB AVE,0,39.77986944,-86.256927780000,0,12,6,0,2,3,0,1,3,1,0,1,0,0000000,99,99,99,99,99,99,0,0,0,1,0
18,180590,1,1,0,1,1,1,1,97,2210,12,10,2016,4,9,26,1,2,2,1,3,SR- 37,,0,39.63804444,-86.202766670000,0,9,0,0,1,1,0,2,1,1,0,1,0,0000000,99,99,99,99,88,88,0,0,0,1,0
18,180591,2,2,0,0,0,2,2,97,2210,17,10,2016,2,5,57,0,2,4,4,6,56TH ST,,0,39.85201389,-86.314869440000,0,12,2,0,1,1,0,1,2,1,0,1,0,0000000,99,99,99,99,99,99,0,0,0,1,0
18,180592,1,1,0,1,1,1,1,97,2210,2,10,2016,1,20,23,1,2,3,4,6,WASHINGTON ST,,0,39.77229444,-86.045372220000,0,8,0,0,1,1,0,1,3,1,0,1,0,0000000,99,99,99,99,99,99,0,0,0,1,0
18,180593,1,1,0,0,0,1,1,55,2810,9,10,2016,1,21,0,0,1,7,2,4,CR- WEST 200 SOUTH RD,,0,38.99455000,-87.085822220000,0,34,0,0,1,1,0,4,2,1,0,1,0,0000000,99,99,99,99,99,99,0,0,0,1,0
18,180594,2,1,1,0,1,2,3,73,1206,12,10,2016,4,21,17,1,1,1,1,1,I- 65,,2310,41.16998611,-87.275533330000,0,31,0,1,19,1,0,3,1,1,0,1,0,0000000,99,99,99,99,99,99,14,0,0,1,0
18,180595,1,1,0,0,0,1,1,97,2210,19,10,2016,4,10,30,1,2,1,1,1,I- 74,,980,39.69985833,-85.993255560000,0,38,0,0,1,1,0,4,1,1,0,1,0,0000000,99,99,99,99,88,88,0,0,0,1,0
18,180596,1,1,0,1,1,1,1,35,5480,19,10,2016,4,14,39,0,1,7,4,5,JACKSON ST,,0,40.21448056,-85.521780560000,0,9,0,0,1,1,0,1,1,10,0,10,0,0000000,99,99,99,99,88,88,0,0,0,1,0
18,180597,2,2,0,0,0,5,5,5,2160,16,10,2016,1,12,45,0,1,7,2,4,CR- 900,CR- 350,0,39.33372222,-85.846669440000,0,12,6,0,2,2,0,1,1,1,0,1,0,0000000,99,99,99,99,99,99,0,0,0,1,0
18,180598,2,2,0,0,0,2,2,67,2430,19,10,2016,4,10,37,1,2,3,1,3,SR- 26,200 W RD,0,40.41841944,-86.165055560000,0,12,1,0,3,2,0,1,1,1,0,1,0,0000000,99,99,99,99,99,99,0,0,0,1,0
18,180599,2,2,0,0,0,11,11,101,4520,17,9,2016,7,9,52,0,1,4,1,2,US- 150,,99998,38.61679444,-86.731686110000,0,12,2,0,1,1,0,1,1,10,0,10,0,0000000,99,99,99,99,99,99,0,0,0,1,0
18,180600,1,1,0,1,1,1,1,89,1730,16,10,2016,1,19,55,1,2,3,1,3,SR- 53,,99998,41.58202222,-87.336888890000,0,8,0,0,1,1,0,1,3,1,0,1,0,0000000,99,98,99,98,99,98,0,0,0,1,0
18,180601,2,2,0,0,0,2,2,143,4400,20,10,2016,5,13,21,1,1,3,1,3,SR- 56,,0,38.68651944,-85.676450000000,0,12,6,0,1,1,0,1,1,10,0,10,0,0000000,99,99,99,99,99,99,0,0,0,1,0
18,180602,3,3,0,0,0,3,3,163,1480,21,10,2016,6,14,15,1,2,3,1,3,SR- 62,,99998,99.99990000,999.999900000000,0,25,0,0,1,1,0,3,1,1,0,1,0,0000000,99,98,99,98,99,98,0,0,0,1,0